{
    "mse_total": 0.033314848340097715,
    "reduction_db": 2.64089777203189,
    "seed": 1
}