{
    "mse_total": 0.18355703914684232,
    "reduction_db": -3.950092555517805
}