{
    "mse_total": 0.0826371444798162,
    "reduction_db": 0.6116246484483681
}