{
    "mse_total": 0.10154399448919263,
    "reduction_db": -0.19760551233636292
}