{
    "mse_total": 0.03639439024157961,
    "reduction_db": 2.9193725139590327,
    "seed": 0
}