{
    "mse_total": 0.04166332570918354,
    "reduction_db": 2.471150771287702
}