{
    "mse_total": 0.13445235575559625,
    "reduction_db": -1.5078666614936096
}