{
    "mse_total": 0.09664202969620143,
    "reduction_db": -0.3130801497834258
}