{
    "mse_total": 0.053305081084143176,
    "reduction_db": 3.3410804542459567
}