{
    "mse_total": 0.06825214668419809,
    "reduction_db": 0.2984262214769242
}