{
    "mse_total": 0.14825484526193763,
    "reduction_db": -2.394847566159535
}