{
  "mse_total": 0.005275806733402735,
  "reduction_db": -6.030934965090218
}