{
    "mse_total": 0.0456669941428137,
    "reduction_db": 1.7101362581499446,
    "seed": 2
}