{
    "mse_total": 0.14899867283873966,
    "reduction_db": -2.4202013566608422
}