{
    "mse_total": 0.13670545023366504,
    "reduction_db": -2.56898180624382
}