{
    "mse_total": 0.14019094784184793,
    "reduction_db": -3.281343393559294
}