{
    "mse_total": 0.04887521223239029,
    "reduction_db": 3.506018418226342
}