{
    "mse_total": 0.04588737126155673,
    "reduction_db": 2.076275040075487
}