{
    "mse_total": 0.010215172508717712,
    "reduction_db": 11.908367785510816
}