{
    "mse_total": 0.1017708765811254,
    "reduction_db": -0.19966749552059668
}