{
    "mse_total": 0.0405592890442239,
    "reduction_db": 9.846603382509203
}