{
    "mse_total": 0.015494505987438486,
    "reduction_db": 6.092919156036649
}