{
    "mse_total": 0.10146334348852848,
    "reduction_db": -0.19729273036247924
}