{
    "mse_total": 0.1366633284713346,
    "reduction_db": -2.567779837301378
}