{
    "mse_total": 0.1308587272728807,
    "reduction_db": -0.05582775454835546
}