{
    "mse_total": 0.14826922308475202,
    "reduction_db": -2.395266536819764
}