{
    "mse_total": 0.058277757266367455,
    "reduction_db": 0.9194950528830523
}