{
  "mse_total": 0.006568509481829709,
  "reduction_db": -12.015127726490615
}