{
    "mse_total": 0.06195481473160925,
    "reduction_db": 0.2081572253836666
}