{
    "mse_total": 0.08419032147464141,
    "reduction_db": 2.0896565162770684
}