{
    "mse_total": 0.05775263332491769,
    "reduction_db": 2.872702949471724
}