{
    "mse_total": 0.10168088721026865,
    "reduction_db": -0.19955879453692174
}